{"cameraMode":{"drawMode":0,"name":"Shaded","section":"Shading Mode"},"sceneLighting":true,"audioPlay":false,"sceneViewState":{"showFog":true,"showMaterialUpdate":false,"showSkybox":true,"showFlares":true,"showImageEffects":true,"showParticleSystems":true},"in2DMode":false,"pivot":{"x":2.3367366790771486,"y":-7.9019317626953129,"z":7.9553961753845219},"rotation":{"x":0.34464535117149355,"y":0.19372372329235078,"z":-0.07291820645332337,"w":0.9156284928321838},"size":20.915931701660158,"orthographic":false}